Year,SchoolCode,SchoolName,IndexScore,LetteGrade,LetterGradeGroup,School_Level,address,City,State,ZipCode,PhoneNumber,Latitude,Longitude
2013,55I089105,Adams ES,59,F,F,"Elementary",3416 SOUTHWEST 37TH STREET,OKLAHOMA CITY,OK,73119,2147483647,35.4265976,-97.5778033
2014,55I089105,Adams ES,NULL,F,F,"Elementary",3416 SOUTHWEST 37TH STREET,OKLAHOMA CITY,OK,73119,2147483647,35.4265976,-97.5778033
2015,55I089105,ADAMS ES,50,F,F,"Elementary",3416 SOUTHWEST 37TH STREET,OKLAHOMA CITY,OK,73119,2147483647,35.4265976,-97.5778033
2016,55I089105,ADAMS ES,50,F,F,"Elementary",3416 SOUTHWEST 37TH STREET,OKLAHOMA CITY,OK,73119,2147483647,35.4265976,-97.5778033
2013,55I089110,Arthur ES,68,D+,D,"Elementary",5100 SOUTH INDEPENDENCE AVENUE,OKLAHOMA CITY,OK,73119,2147483647,35.4148039,-97.573228
2014,55I089110,Arthur ES,NULL,F,F,"Elementary",5100 SOUTH INDEPENDENCE AVENUE,OKLAHOMA CITY,OK,73119,2147483647,35.4148039,-97.573228
2015,55I089110,ARTHUR ES,45,F,F,"Elementary",5100 SOUTH INDEPENDENCE AVENUE,OKLAHOMA CITY,OK,73119,2147483647,35.4148039,-97.573228
2016,55I089110,ARTHUR ES,59,F,F,"Elementary",5100 SOUTH INDEPENDENCE AVENUE,OKLAHOMA CITY,OK,73119,2147483647,35.4148039,-97.573228
2013,55I089123,Bodine ES,45,F,F,"Elementary",5301 SOUTH BRYANT AVENUE,OKLAHOMA CITY,OK,73129,2147483647,35.4120524,-97.4592006
2014,55I089123,Bodine ES,NULL,F,F,"Elementary",5301 SOUTH BRYANT AVENUE,OKLAHOMA CITY,OK,73129,2147483647,35.4120524,-97.4592006
2015,55I089123,BODINE ES,48,F,F,"Elementary",5301 SOUTH BRYANT AVENUE,OKLAHOMA CITY,OK,73129,2147483647,35.4120524,-97.4592006
2016,55I089123,BODINE ES,54,F,F,"Elementary",5301 SOUTH BRYANT AVENUE,OKLAHOMA CITY,OK,73129,2147483647,35.4120524,-97.4592006
2013,55I089125,Britton ES,54,F,F,"Elementary",1215 NORTHWEST 95TH STREET,OKLAHOMA CITY,OK,73114,2147483647,35.5677749,-97.5346012
2014,55I089125,Britton ES,NULL,F,F,"Elementary",1215 NORTHWEST 95TH STREET,OKLAHOMA CITY,OK,73114,2147483647,35.5677749,-97.5346012
2015,55I089125,BRITTON ES,48,F,F,"Elementary",1215 NORTHWEST 95TH STREET,OKLAHOMA CITY,OK,73114,2147483647,35.5677749,-97.5346012
2016,55I089125,BRITTON ES,51,F,F,"Elementary",1215 NORTHWEST 95TH STREET,OKLAHOMA CITY,OK,73114,2147483647,35.5677749,-97.5346012
2013,55I089135,Buchanan ES,80,B-,B,"Elementary",4126 NORTHWEST 18TH STREET,OKLAHOMA CITY,OK,73107,2147483647,35.4876273,-97.5936884
2014,55I089135,Buchanan ES,NULL,C-,C,"Elementary",4126 NORTHWEST 18TH STREET,OKLAHOMA CITY,OK,73107,2147483647,35.4876273,-97.5936884
2015,55I089135,BUCHANAN ES,67,D+,D,"Elementary",4126 NORTHWEST 18TH STREET,OKLAHOMA CITY,OK,73107,2147483647,35.4876273,-97.5936884
2016,55I089135,BUCHANAN ES,69,D+,D,"Elementary",4126 NORTHWEST 18TH STREET,OKLAHOMA CITY,OK,73107,2147483647,35.4876273,-97.5936884
2013,55I089150,Cesar Chavez ES,53,F,F,"Elementary",600 SOUTHEAST GRAND BOULEVARD,OKLAHOMA CITY,OK,73129,2147483647,35.4276366,-97.5012515
2014,55I089150,Cesar Chavez ES,NULL,F,F,"Elementary",600 SOUTHEAST GRAND BOULEVARD,OKLAHOMA CITY,OK,73129,2147483647,35.4276366,-97.5012515
2015,55I089150,CESAR CHAVEZ ES,66,D,D,"Elementary",600 SOUTHEAST GRAND BOULEVARD,OKLAHOMA CITY,OK,73129,2147483647,35.4276366,-97.5012515
2016,55I089150,CESAR CHAVEZ ES,65,D,D,"Elementary",600 SOUTHEAST GRAND BOULEVARD,OKLAHOMA CITY,OK,73129,2147483647,35.4276366,-97.5012515
2013,55I089154,Cleveland ES,89,B+,B,"Elementary",2725 NORTHWEST 23RD STREET,OKLAHOMA CITY,OK,73107,2147483647,35.4936169,-97.5619599
2014,55I089154,Cleveland ES,NULL,B,B,"Elementary",2725 NORTHWEST 23RD STREET,OKLAHOMA CITY,OK,73107,2147483647,35.4936169,-97.5619599
2015,55I089154,CLEVELAND ES,85,B,B,"Elementary",2725 NORTHWEST 23RD STREET,OKLAHOMA CITY,OK,73107,2147483647,35.4936169,-97.5619599
2016,55I089154,CLEVELAND ES,86,B,B,"Elementary",2725 NORTHWEST 23RD STREET,OKLAHOMA CITY,OK,73107,2147483647,35.4936169,-97.5619599
2013,55I089160,Columbus ES,80,B-,B,"Elementary",2402 SOUTH PENNSYLVANIA AVENUE,OKLAHOMA CITY,OK,73108,2147483647,35.439727,-97.547419
2014,55I089160,Columbus ES,NULL,C,C,"Elementary",2402 SOUTH PENNSYLVANIA AVENUE,OKLAHOMA CITY,OK,73108,2147483647,35.439727,-97.547419
2013,55I089165,Coolidge ES,60,D-,D,"Elementary",5212 SOUTH VILLA AVENUE,OKLAHOMA CITY,OK,73119,2147483647,35.41255,-97.555687
2014,55I089165,Coolidge ES,NULL,F,F,"Elementary",5212 SOUTH VILLA AVENUE,OKLAHOMA CITY,OK,73119,2147483647,35.41255,-97.555687
2015,55I089165,COOLIDGE ES,55,F,F,"Elementary",5212 SOUTH VILLA AVENUE,OKLAHOMA CITY,OK,73119,2147483647,35.41255,-97.555687
2016,55I089165,COOLIDGE ES,51,F,F,"Elementary",5212 SOUTH VILLA AVENUE,OKLAHOMA CITY,OK,73119,2147483647,35.41255,-97.555687
2013,55I089166,Capitol Hill ES,58,F,F,"Elementary",2717 SOUTH ROBINSON AVENUE,OKLAHOMA CITY,OK,73109,2147483647,35.4381611,-97.5161718
2014,55I089166,Capitol Hill ES,NULL,F,F,"Elementary",2717 SOUTH ROBINSON AVENUE,OKLAHOMA CITY,OK,73109,2147483647,35.4381611,-97.5161718
2015,55I089166,CAPITOL HILL ES,54,F,F,"Elementary",2717 SOUTH ROBINSON AVENUE,OKLAHOMA CITY,OK,73109,2147483647,35.4381611,-97.5161718
2016,55I089166,CAPITOL HILL ES,56,F,F,"Elementary",2717 SOUTH ROBINSON AVENUE,OKLAHOMA CITY,OK,73109,2147483647,35.4381611,-97.5161718
2013,55I089170,F.D.Moon ES,53,F,F,"Elementary",1901 NORTHEAST 13TH STREET,OKLAHOMA CITY,OK,73117,2147483647,35.4832246,-97.4785621
2014,55I089170,F.D.Moon ES,NULL,F,F,"Elementary",1901 NORTHEAST 13TH STREET,OKLAHOMA CITY,OK,73117,2147483647,35.4832246,-97.4785621
2015,55I089170,F.D. MOON ES,53,F,F,"Elementary",1901 NORTHEAST 13TH STREET,OKLAHOMA CITY,OK,73117,2147483647,35.4832246,-97.4785621
2016,55I089170,F.D. MOON ES,36,F,F,"Elementary",1901 NORTHEAST 13TH STREET,OKLAHOMA CITY,OK,73117,2147483647,35.4832246,-97.4785621
2013,55I089195,Edgemere ES,57,F,F,"Elementary",3200 NORTH WALKER AVENUE,OKLAHOMA CITY,OK,73118,2147483647,35.5014986,-97.5209806
2014,55I089195,Edgemere ES,NULL,F,F,"Elementary",3200 NORTH WALKER AVENUE,OKLAHOMA CITY,OK,73118,2147483647,35.5014986,-97.5209806
2015,55I089195,EDGEMERE ES,46,F,F,"Elementary",3200 NORTH WALKER AVENUE,OKLAHOMA CITY,OK,73118,2147483647,35.5014986,-97.5209806
2016,55I089195,EDGEMERE ES,54,F,F,"Elementary",3200 NORTH WALKER AVENUE,OKLAHOMA CITY,OK,73118,2147483647,35.5014986,-97.5209806
2013,55I089205,Edwards ES,59,F,F,"Elementary",1123 NORTHEAST GRAND BOULEVARD,OKLAHOMA CITY,OK,73117,2147483647,35.478917,-97.467187
2014,55I089205,Edwards ES,NULL,F,F,"Elementary",1123 NORTHEAST GRAND BOULEVARD,OKLAHOMA CITY,OK,73117,2147483647,35.478917,-97.467187
2015,55I089205,EDWARDS ES,52,F,F,"Elementary",1123 NORTHEAST GRAND BOULEVARD,OKLAHOMA CITY,OK,73117,2147483647,35.478917,-97.467187
2016,55I089205,EDWARDS ES,41,F,F,"Elementary",1123 NORTHEAST GRAND BOULEVARD,OKLAHOMA CITY,OK,73117,2147483647,35.478917,-97.467187
2013,55I089215,Eugene Field ES,72,C-,C,"Elementary",1515 NORTH KLEIN AVENUE,OKLAHOMA CITY,OK,73106,2147483647,35.4842071,-97.5326665
2014,55I089215,Eugene Field ES,NULL,D+,D,"Elementary",1515 NORTH KLEIN AVENUE,OKLAHOMA CITY,OK,73106,2147483647,35.4842071,-97.5326665
2015,55I089215,EUGENE FIELD ES,69,D+,D,"Elementary",1515 NORTH KLEIN AVENUE,OKLAHOMA CITY,OK,73106,2147483647,35.4842071,-97.5326665
2016,55I089215,EUGENE FIELD ES,65,D,D,"Elementary",1515 NORTH KLEIN AVENUE,OKLAHOMA CITY,OK,73106,2147483647,35.4842071,-97.5326665
2013,55I089220,Fillmore ES,59,F,F,"Elementary",5200 SOUTH BLACKWELDER AVENUE,OKLAHOMA CITY,OK,73119,2147483647,35.4138797,-97.5390953
2014,55I089220,Fillmore ES,NULL,F,F,"Elementary",5200 SOUTH BLACKWELDER AVENUE,OKLAHOMA CITY,OK,73119,2147483647,35.4138797,-97.5390953
2015,55I089220,FILLMORE ES,56,F,F,"Elementary",5200 SOUTH BLACKWELDER AVENUE,OKLAHOMA CITY,OK,73119,2147483647,35.4138797,-97.5390953
2016,55I089220,FILLMORE ES,53,F,F,"Elementary",5200 SOUTH BLACKWELDER AVENUE,OKLAHOMA CITY,OK,73119,2147483647,35.4138797,-97.5390953
2013,55I089240,Gatewood ES,65,D,D,"Elementary",1821 NORTHWEST 21ST STREET,OKLAHOMA CITY,OK,73106,2147483647,35.4911781,-97.5408171
2014,55I089240,Gatewood ES,NULL,F,F,"Elementary",1821 NORTHWEST 21ST STREET,OKLAHOMA CITY,OK,73106,2147483647,35.4911781,-97.5408171
2015,55I089240,GATEWOOD ES,74,C,C,"Elementary",1821 NORTHWEST 21ST STREET,OKLAHOMA CITY,OK,73106,2147483647,35.4911781,-97.5408171
2016,55I089240,GATEWOOD ES,47,F,F,"Elementary",1821 NORTHWEST 21ST STREET,OKLAHOMA CITY,OK,73106,2147483647,35.4911781,-97.5408171
2013,55I089244,Green Pastures ES,43,F,F,"Elementary",4300 NORTH POST ROAD,SPENCER,OK,73084,2147483647,35.5155186,-97.3527578
2014,55I089244,Green Pastures ES,NULL,F,F,"Elementary",4300 NORTH POST ROAD,SPENCER,OK,73084,2147483647,35.5155186,-97.3527578
2015,55I089244,GREEN PASTURES ES,37,F,F,"Elementary",4300 NORTH POST ROAD,SPENCER,OK,73084,2147483647,35.5155186,-97.3527578
2016,55I089244,GREEN PASTURES ES,50,F,F,"Elementary",4300 NORTH POST ROAD,SPENCER,OK,73084,2147483647,35.5155186,-97.3527578
2013,55I089251,Greystone Lower ES,36,F,F,"Elementary",2525 NORTHWEST 112TH STREET,OKLAHOMA CITY,OK,73120,2147483647,35.5839535,-97.5611009
2014,55I089251,Greystone Lower ES,NULL,F,F,"Elementary",2525 NORTHWEST 112TH STREET,OKLAHOMA CITY,OK,73120,2147483647,35.5839535,-97.5611009
2015,55I089251,GREYSTONE LOWER ES,NULL,N/,N,"Elementary",2525 NORTHWEST 112TH STREET,OKLAHOMA CITY,OK,73120,2147483647,35.5839535,-97.5611009
2016,55I089251,GREYSTONE LOWER ES,N/A,N/,N,"Elementary",2525 NORTHWEST 112TH STREET,OKLAHOMA CITY,OK,73120,2147483647,35.5839535,-97.5611009
2013,55I089252,Greystone Upper ES,46,F,F,"Elementary",2401 NORTHWEST 115TH TERRACE,OKLAHOMA CITY,OK,73120,2147483647,35.5874398,-97.555972
2014,55I089252,Greystone Upper ES,NULL,F,F,"Elementary",2401 NORTHWEST 115TH TERRACE,OKLAHOMA CITY,OK,73120,2147483647,35.5874398,-97.555972
2015,55I089252,GREYSTONE UPPER ES,51,F,F,"Elementary",2401 NORTHWEST 115TH TERRACE,OKLAHOMA CITY,OK,73120,2147483647,35.5874398,-97.555972
2016,55I089252,GREYSTONE UPPER ES,53,F,F,"Elementary",2401 NORTHWEST 115TH TERRACE,OKLAHOMA CITY,OK,73120,2147483647,35.5874398,-97.555972
2013,55I089255,Hawthorne ES,56,F,F,"Elementary",2300 NORTHWEST 15TH STREET,OKLAHOMA CITY,OK,73107,2147483647,35.484454,-97.5531881
2014,55I089255,Hawthorne ES,NULL,D,D,"Elementary",2300 NORTHWEST 15TH STREET,OKLAHOMA CITY,OK,73107,2147483647,35.484454,-97.5531881
2015,55I089255,HAWTHORNE ES,62,D-,D,"Elementary",2300 NORTHWEST 15TH STREET,OKLAHOMA CITY,OK,73107,2147483647,35.484454,-97.5531881
2016,55I089255,HAWTHORNE ES,60,D-,D,"Elementary",2300 NORTHWEST 15TH STREET,OKLAHOMA CITY,OK,73107,2147483647,35.484454,-97.5531881
2013,55I089260,Hayes ES,57,F,F,"Elementary",6900 SOUTH BYERS AVENUE,OKLAHOMA CITY,OK,73149,2147483647,35.3961115,-97.5025653
2014,55I089260,Hayes ES,NULL,D-,D,"Elementary",6900 SOUTH BYERS AVENUE,OKLAHOMA CITY,OK,73149,2147483647,35.3961115,-97.5025653
2015,55I089260,HAYES ES,62,D-,D,"Elementary",6900 SOUTH BYERS AVENUE,OKLAHOMA CITY,OK,73149,2147483647,35.3961115,-97.5025653
2016,55I089260,HAYES ES,62,D-,D,"Elementary",6900 SOUTH BYERS AVENUE,OKLAHOMA CITY,OK,73149,2147483647,35.3961115,-97.5025653
2013,55I089265,Heronville ES,56,F,F,"Elementary",1240 SOUTHWEST 29TH STREET,OKLAHOMA CITY,OK,73109,2147483647,35.4347124,-97.5383126
2014,55I089265,Heronville ES,NULL,F,F,"Elementary",1240 SOUTHWEST 29TH STREET,OKLAHOMA CITY,OK,73109,2147483647,35.4347124,-97.5383126
2015,55I089265,HERONVILLE ES,53,F,F,"Elementary",1240 SOUTHWEST 29TH STREET,OKLAHOMA CITY,OK,73109,2147483647,35.4347124,-97.5383126
2016,55I089265,HERONVILLE ES,54,F,F,"Elementary",1240 SOUTHWEST 29TH STREET,OKLAHOMA CITY,OK,73109,2147483647,35.4347124,-97.5383126
2013,55I089268,Hillcrest ES,31,F,F,"Elementary",6421 SOUTH MILLER BOULEVARD,OKLAHOMA CITY,OK,73159,2147483647,35.4009493,-97.5616023
2014,55I089268,Hillcrest ES,NULL,D-,D,"Elementary",6421 SOUTH MILLER BOULEVARD,OKLAHOMA CITY,OK,73159,2147483647,35.4009493,-97.5616023
2015,55I089268,HILLCREST ES,61,D-,D,"Elementary",6421 SOUTH MILLER BOULEVARD,OKLAHOMA CITY,OK,73159,2147483647,35.4009493,-97.5616023
2016,55I089268,HILLCREST ES,62,D-,D,"Elementary",6421 SOUTH MILLER BOULEVARD,OKLAHOMA CITY,OK,73159,2147483647,35.4009493,-97.5616023
2013,55I089270,Horace Mann ES,74,C,C,"Elementary",1105 NORTHWEST 45TH STREET,OKLAHOMA CITY,OK,73118,2147483647,35.518434,-97.530946
2014,55I089270,Horace Mann ES,NULL,C+,C,"Elementary",1105 NORTHWEST 45TH STREET,OKLAHOMA CITY,OK,73118,2147483647,35.518434,-97.530946
2015,55I089270,HORACE MANN ES,72,C-,C,"Elementary",1105 NORTHWEST 45TH STREET,OKLAHOMA CITY,OK,73118,2147483647,35.518434,-97.530946
2016,55I089270,HORACE MANN ES,75,C,C,"Elementary",1105 NORTHWEST 45TH STREET,OKLAHOMA CITY,OK,73118,2147483647,35.518434,-97.530946
2013,55I089275,Johnson ES,73,C,C,"Elementary",1810 SHEFFIELD ROAD,OKLAHOMA CITY,OK,73120,2147483647,35.5636065,-97.5522007
2014,55I089275,Johnson ES,NULL,C-,C,"Elementary",1810 SHEFFIELD ROAD,OKLAHOMA CITY,OK,73120,2147483647,35.5636065,-97.5522007
2015,55I089275,JOHNSON ES,60,D-,D,"Elementary",1810 SHEFFIELD ROAD,OKLAHOMA CITY,OK,73120,2147483647,35.5636065,-97.5522007
2016,55I089275,JOHNSON ES,69,D+,D,"Elementary",1810 SHEFFIELD ROAD,OKLAHOMA CITY,OK,73120,2147483647,35.5636065,-97.5522007
2013,55I089280,Kaiser ES,68,D+,D,"Elementary",3101 LYON BOULEVARD,OKLAHOMA CITY,OK,73112,2147483647,35.5008847,-97.5911172
2014,55I089280,Kaiser ES,NULL,F,F,"Elementary",3101 LYON BOULEVARD,OKLAHOMA CITY,OK,73112,2147483647,35.5008847,-97.5911172
2015,55I089280,KAISER ES,66,D,D,"Elementary",3101 LYON BOULEVARD,OKLAHOMA CITY,OK,73112,2147483647,35.5008847,-97.5911172
2016,55I089280,KAISER ES,59,F,F,"Elementary",3101 LYON BOULEVARD,OKLAHOMA CITY,OK,73112,2147483647,35.5008847,-97.5911172
2013,55I089283,M.L.King Jr.Es,50,F,F,"Elementary",1201 NORTHEAST 48TH STREET,OKLAHOMA CITY,OK,73111,2147483647,35.5210423,-97.4889471
2014,55I089283,M.L.King Jr.Es,NULL,F,F,"Elementary",1201 NORTHEAST 48TH STREET,OKLAHOMA CITY,OK,73111,2147483647,35.5210423,-97.4889471
2015,55I089283,M.L. KING JR. ES,43,F,F,"Elementary",1201 NORTHEAST 48TH STREET,OKLAHOMA CITY,OK,73111,2147483647,35.5210423,-97.4889471
2016,55I089283,M.L. KING JR. ES,45,F,F,"Elementary",1201 NORTHEAST 48TH STREET,OKLAHOMA CITY,OK,73111,2147483647,35.5210423,-97.4889471
2013,55I089295,Lee ES,46,F,F,"Elementary",424 SOUTHWEST 29TH STREET,OKLAHOMA CITY,OK,73109,2147483647,35.4347552,-97.5203749
2014,55I089295,Lee ES,NULL,F,F,"Elementary",424 SOUTHWEST 29TH STREET,OKLAHOMA CITY,OK,73109,2147483647,35.4347552,-97.5203749
2015,55I089295,LEE ES,59,F,F,"Elementary",424 SOUTHWEST 29TH STREET,OKLAHOMA CITY,OK,73109,2147483647,35.4347552,-97.5203749
2016,55I089295,LEE ES,50,F,F,"Elementary",424 SOUTHWEST 29TH STREET,OKLAHOMA CITY,OK,73109,2147483647,35.4347552,-97.5203749
2013,55I089305,Linwood ES,65,D,D,"Elementary",3416 NORTHWEST 17TH STREET,OKLAHOMA CITY,OK,73107,2147483647,35.486491,-97.5779359
2014,55I089305,Linwood ES,NULL,D+,D,"Elementary",3416 NORTHWEST 17TH STREET,OKLAHOMA CITY,OK,73107,2147483647,35.486491,-97.5779359
2015,55I089305,LINWOOD ES,67,D+,D,"Elementary",3416 NORTHWEST 17TH STREET,OKLAHOMA CITY,OK,73107,2147483647,35.486491,-97.5779359
2016,55I089305,LINWOOD ES,70,C-,C,"Elementary",3416 NORTHWEST 17TH STREET,OKLAHOMA CITY,OK,73107,2147483647,35.486491,-97.5779359
2013,55I089320,Mark Twain ES,73,C,C,"Elementary",2451 WEST MAIN STREET,OKLAHOMA CITY,OK,73107,2147483647,35.4677,-97.555977
2014,55I089320,Mark Twain ES,NULL,D,D,"Elementary",2451 WEST MAIN STREET,OKLAHOMA CITY,OK,73107,2147483647,35.4677,-97.555977
2015,55I089320,MARK TWAIN ES,64,D,D,"Elementary",2451 WEST MAIN STREET,OKLAHOMA CITY,OK,73107,2147483647,35.4677,-97.555977
2016,55I089320,MARK TWAIN ES,65,D,D,"Elementary",2451 WEST MAIN STREET,OKLAHOMA CITY,OK,73107,2147483647,35.4677,-97.555977
2013,55I089335,Monroe ES,71,C-,C,"Elementary",4810 NORTH LINN AVENUE,OKLAHOMA CITY,OK,73112,2147483647,35.519073,-97.55874
2014,55I089335,Monroe ES,NULL,F,F,"Elementary",4810 NORTH LINN AVENUE,OKLAHOMA CITY,OK,73112,2147483647,35.519073,-97.55874
2015,55I089335,MONROE ES,67,D+,D,"Elementary",4810 NORTH LINN AVENUE,OKLAHOMA CITY,OK,73112,2147483647,35.519073,-97.55874
2016,55I089335,MONROE ES,68,D+,D,"Elementary",4810 NORTH LINN AVENUE,OKLAHOMA CITY,OK,73112,2147483647,35.519073,-97.55874
2013,55I089340,Nichols Hills ES,81,B-,B,"Elementary",1301 WEST WILSHIRE BOULEVARD,NICHOLS HILLS,OK,73116,2147483647,35.5511302,-97.5365634
2014,55I089340,Nichols Hills ES,NULL,C+,C,"Elementary",1301 WEST WILSHIRE BOULEVARD,NICHOLS HILLS,OK,73116,2147483647,35.5511302,-97.5365634
2015,55I089340,NICHOLS HILLS ES,84,B,B,"Elementary",1301 WEST WILSHIRE BOULEVARD,NICHOLS HILLS,OK,73116,2147483647,35.5511302,-97.5365634
2016,55I089340,NICHOLS HILLS ES,85,B,B,"Elementary",1301 WEST WILSHIRE BOULEVARD,NICHOLS HILLS,OK,73116,2147483647,35.5511302,-97.5365634
2013,55I089343,North Highland ES,58,F,F,"Elementary",8400 NORTH ROBINSON AVENUE,OKLAHOMA CITY,OK,73114,2147483647,35.5562576,-97.5148873
2014,55I089343,North Highland ES,NULL,F,F,"Elementary",8400 NORTH ROBINSON AVENUE,OKLAHOMA CITY,OK,73114,2147483647,35.5562576,-97.5148873
2015,55I089343,NORTH HIGHLAND ES,46,F,F,"Elementary",8400 NORTH ROBINSON AVENUE,OKLAHOMA CITY,OK,73114,2147483647,35.5562576,-97.5148873
2016,55I089343,NORTH HIGHLAND ES,48,F,F,"Elementary",8400 NORTH ROBINSON AVENUE,OKLAHOMA CITY,OK,73114,2147483647,35.5562576,-97.5148873
2013,55I089344,Oakridge ES,47,F,F,"Elementary",4200 LEONHARDT DRIVE,OKLAHOMA CITY,OK,73115,2147483647,35.4227869,-97.4511865
2014,55I089344,Oakridge ES,NULL,F,F,"Elementary",4200 LEONHARDT DRIVE,OKLAHOMA CITY,OK,73115,2147483647,35.4227869,-97.4511865
2015,55I089344,OAKRIDGE ES,51,F,F,"Elementary",4200 LEONHARDT DRIVE,OKLAHOMA CITY,OK,73115,2147483647,35.4227869,-97.4511865
2016,55I089344,OAKRIDGE ES,41,F,F,"Elementary",4200 LEONHARDT DRIVE,OKLAHOMA CITY,OK,73115,2147483647,35.4227869,-97.4511865
2013,55I089350,Thelma R.Parks ES,52,F,F,"Elementary",1501 NORTHEAST 30TH STREET,OKLAHOMA CITY,OK,73111,2147483647,35.5004266,-97.4854976
2014,55I089350,Thelma R.Parks ES,NULL,C-,C,"Elementary",1501 NORTHEAST 30TH STREET,OKLAHOMA CITY,OK,73111,2147483647,35.5004266,-97.4854976
2015,55I089350,THELMA R. PARKS ES,63,D,D,"Elementary",1501 NORTHEAST 30TH STREET,OKLAHOMA CITY,OK,73111,2147483647,35.5004266,-97.4854976
2016,55I089350,THELMA R. PARKS ES,39,F,F,"Elementary",1501 NORTHEAST 30TH STREET,OKLAHOMA CITY,OK,73111,2147483647,35.5004266,-97.4854976
2013,55I089352,Parmelee ES,59,F,F,"Elementary",6700 SOUTH HUDSON AVENUE,OKLAHOMA CITY,OK,73139,2147483647,35.3986238,-97.5183341
2014,55I089352,Parmelee ES,NULL,D,D,"Elementary",6700 SOUTH HUDSON AVENUE,OKLAHOMA CITY,OK,73139,2147483647,35.3986238,-97.5183341
2015,55I089352,PARMELEE ES,62,D-,D,"Elementary",6700 SOUTH HUDSON AVENUE,OKLAHOMA CITY,OK,73139,2147483647,35.3986238,-97.5183341
2016,55I089352,PARMELEE ES,62,D-,D,"Elementary",6700 SOUTH HUDSON AVENUE,OKLAHOMA CITY,OK,73139,2147483647,35.3986238,-97.5183341
2013,55I089353,Pierce ES,82,B-,B,"Elementary",2701 SOUTH TULSA AVENUE,OKLAHOMA CITY,OK,73108,2147483647,35.4384367,-97.5923599
2014,55I089353,Pierce ES,NULL,C+,C,"Elementary",2701 SOUTH TULSA AVENUE,OKLAHOMA CITY,OK,73108,2147483647,35.4384367,-97.5923599
2015,55I089353,PIERCE ES,79,C+,C,"Elementary",2701 SOUTH TULSA AVENUE,OKLAHOMA CITY,OK,73108,2147483647,35.4384367,-97.5923599
2016,55I089353,PIERCE ES,80,B-,B,"Elementary",2701 SOUTH TULSA AVENUE,OKLAHOMA CITY,OK,73108,2147483647,35.4384367,-97.5923599
2013,55I089360,Prairie Queen ES,60,D-,D,"Elementary",6609 SOUTH BLACKWELDER AVENUE,OKLAHOMA CITY,OK,73159,2147483647,35.4002638,-97.5390603
2014,55I089360,Prairie Queen ES,NULL,F,F,"Elementary",6609 SOUTH BLACKWELDER AVENUE,OKLAHOMA CITY,OK,73159,2147483647,35.4002638,-97.5390603
2015,55I089360,PRAIRIE QUEEN ES,56,F,F,"Elementary",6609 SOUTH BLACKWELDER AVENUE,OKLAHOMA CITY,OK,73159,2147483647,35.4002638,-97.5390603
2016,55I089360,PRAIRIE QUEEN ES,60,D-,D,"Elementary",6609 SOUTH BLACKWELDER AVENUE,OKLAHOMA CITY,OK,73159,2147483647,35.4002638,-97.5390603
2013,55I089365,Putnam Heights ES,56,F,F,"Elementary",1601 NORTHWEST 36TH STREET,OKLAHOMA CITY,OK,73118,2147483647,35.5082533,-97.5399148
2014,55I089365,Putnam Heights ES,NULL,C,C,"Elementary",1601 NORTHWEST 36TH STREET,OKLAHOMA CITY,OK,73118,2147483647,35.5082533,-97.5399148
2015,55I089365,PUTNAM HEIGHTS ES,75,C,C,"Elementary",1601 NORTHWEST 36TH STREET,OKLAHOMA CITY,OK,73118,2147483647,35.5082533,-97.5399148
2016,55I089365,PUTNAM HEIGHTS ES,63,D,D,"Elementary",1601 NORTHWEST 36TH STREET,OKLAHOMA CITY,OK,73118,2147483647,35.5082533,-97.5399148
2013,55I089368,Quail Creek ES,79,C+,C,"Elementary",11700 THORNRIDGE ROAD,OKLAHOMA CITY,OK,73120,2147483647,35.5890916,-97.5712549
2014,55I089368,Quail Creek ES,NULL,C,C,"Elementary",11700 THORNRIDGE ROAD,OKLAHOMA CITY,OK,73120,2147483647,35.5890916,-97.5712549
2015,55I089368,QUAIL CREEK ES,80,B-,B,"Elementary",11700 THORNRIDGE ROAD,OKLAHOMA CITY,OK,73120,2147483647,35.5890916,-97.5712549
2016,55I089368,QUAIL CREEK ES,82,B-,B,"Elementary",11700 THORNRIDGE ROAD,OKLAHOMA CITY,OK,73120,2147483647,35.5890916,-97.5712549
2013,55I089370,Rancho Village ES,73,C,C,"Elementary",1401 JOHNSTON DRIVE,OKLAHOMA CITY,OK,73119,2147483647,35.4259921,-97.5429144
2014,55I089370,Rancho Village ES,NULL,D-,D,"Elementary",1401 JOHNSTON DRIVE,OKLAHOMA CITY,OK,73119,2147483647,35.4259921,-97.5429144
2015,55I089370,RANCHO VILLAGE ES,68,D+,D,"Elementary",1401 JOHNSTON DRIVE,OKLAHOMA CITY,OK,73119,2147483647,35.4259921,-97.5429144
2016,55I089370,RANCHO VILLAGE ES,59,F,F,"Elementary",1401 JOHNSTON DRIVE,OKLAHOMA CITY,OK,73119,2147483647,35.4259921,-97.5429144
2013,55I089375,Ridgeview ES,75,C,C,"Elementary",10010 RIDGEVIEW DRIVE,OKLAHOMA CITY,OK,73120,2147483647,35.5718546,-97.5591793
2014,55I089375,Ridgeview ES,NULL,C,C,"Elementary",10010 RIDGEVIEW DRIVE,OKLAHOMA CITY,OK,73120,2147483647,35.5718546,-97.5591793
2015,55I089375,RIDGEVIEW ES,82,B-,B,"Elementary",10010 RIDGEVIEW DRIVE,OKLAHOMA CITY,OK,73120,2147483647,35.5718546,-97.5591793
2016,55I089375,RIDGEVIEW ES,72,C-,C,"Elementary",10010 RIDGEVIEW DRIVE,OKLAHOMA CITY,OK,73120,2147483647,35.5718546,-97.5591793
2013,55I089385,Rockwood ES,40,F,F,"Elementary",3101 SOUTHWEST 24TH STREET,OKLAHOMA CITY,OK,73108,2147483647,35.4409942,-97.5706134
2014,55I089385,Rockwood ES,NULL,F,F,"Elementary",3101 SOUTHWEST 24TH STREET,OKLAHOMA CITY,OK,73108,2147483647,35.4409942,-97.5706134
2015,55I089385,ROCKWOOD ES,49,F,F,"Elementary",3101 SOUTHWEST 24TH STREET,OKLAHOMA CITY,OK,73108,2147483647,35.4409942,-97.5706134
2016,55I089385,ROCKWOOD ES,42,F,F,"Elementary",3101 SOUTHWEST 24TH STREET,OKLAHOMA CITY,OK,73108,2147483647,35.4409942,-97.5706134
2013,55I089395,Sequoyah ES,61,D-,D,"Elementary",2400 NORTHWEST 36TH STREET,OKLAHOMA CITY,OK,73112,2147483647,35.5064942,-97.5549638
2014,55I089395,Sequoyah ES,NULL,D-,D,"Elementary",2400 NORTHWEST 36TH STREET,OKLAHOMA CITY,OK,73112,2147483647,35.5064942,-97.5549638
2015,55I089395,SEQUOYAH ES,59,F,F,"Elementary",2400 NORTHWEST 36TH STREET,OKLAHOMA CITY,OK,73112,2147483647,35.5064942,-97.5549638
2016,55I089395,SEQUOYAH ES,57,F,F,"Elementary",2400 NORTHWEST 36TH STREET,OKLAHOMA CITY,OK,73112,2147483647,35.5064942,-97.5549638
2013,55I089400,Shidler ES,45,F,F,"Elementary",1415 SOUTH BYERS AVENUE,OKLAHOMA CITY,OK,73129,2147483647,35.4512306,-97.5038615
2014,55I089400,Shidler ES,NULL,F,F,"Elementary",1415 SOUTH BYERS AVENUE,OKLAHOMA CITY,OK,73129,2147483647,35.4512306,-97.5038615
2015,55I089400,SHIDLER ES,48,F,F,"Elementary",1415 SOUTH BYERS AVENUE,OKLAHOMA CITY,OK,73129,2147483647,35.4512306,-97.5038615
2016,55I089400,SHIDLER ES,44,F,F,"Elementary",1415 SOUTH BYERS AVENUE,OKLAHOMA CITY,OK,73129,2147483647,35.4512306,-97.5038615
2013,55I089407,Southern Hills ES,54,F,F,"Elementary",7800 SOUTH KENTUCKY AVENUE,OKLAHOMA CITY,OK,73159,2147483647,35.3880212,-97.5430529
2014,55I089407,Southern Hills ES,NULL,F,F,"Elementary",7800 SOUTH KENTUCKY AVENUE,OKLAHOMA CITY,OK,73159,2147483647,35.3880212,-97.5430529
2015,55I089407,SOUTHERN HILLS ES,61,D-,D,"Elementary",7800 SOUTH KENTUCKY AVENUE,OKLAHOMA CITY,OK,73159,2147483647,35.3880212,-97.5430529
2016,55I089407,SOUTHERN HILLS ES,64,D,D,"Elementary",7800 SOUTH KENTUCKY AVENUE,OKLAHOMA CITY,OK,73159,2147483647,35.3880212,-97.5430529
2013,55I089408,Spencer ES,64,D,D,"Elementary",8900 NORTHEAST 50TH STREET,SPENCER,OK,73084,2147483647,35.5220759,-97.3721004
2014,55I089408,Spencer ES,NULL,F,F,"Elementary",8900 NORTHEAST 50TH STREET,SPENCER,OK,73084,2147483647,35.5220759,-97.3721004
2015,55I089408,SPENCER ES,37,F,F,"Elementary",8900 NORTHEAST 50TH STREET,SPENCER,OK,73084,2147483647,35.5220759,-97.3721004
2016,55I089408,SPENCER ES,48,F,F,"Elementary",8900 NORTHEAST 50TH STREET,SPENCER,OK,73084,2147483647,35.5220759,-97.3721004
2013,55I089410,Stand Watie ES,65,D,D,"Elementary",3517 SOUTH LINN AVENUE,OKLAHOMA CITY,OK,73119,2147483647,35.4296766,-97.5596747
2014,55I089410,Stand Watie ES,NULL,F,F,"Elementary",3517 SOUTH LINN AVENUE,OKLAHOMA CITY,OK,73119,2147483647,35.4296766,-97.5596747
2015,55I089410,STAND WATIE ES,51,F,F,"Elementary",3517 SOUTH LINN AVENUE,OKLAHOMA CITY,OK,73119,2147483647,35.4296766,-97.5596747
2016,55I089410,STAND WATIE ES,52,F,F,"Elementary",3517 SOUTH LINN AVENUE,OKLAHOMA CITY,OK,73119,2147483647,35.4296766,-97.5596747
2013,55I089417,Telstar ES,31,F,F,"Elementary",9521 NORTHEAST 16TH STREET,OKLAHOMA CITY,OK,73130,2147483647,35.4858173,-97.3608069
2014,55I089417,Telstar ES,NULL,F,F,"Elementary",9521 NORTHEAST 16TH STREET,OKLAHOMA CITY,OK,73130,2147483647,35.4858173,-97.3608069
2015,55I089417,TELSTAR ES,48,F,F,"Elementary",9521 NORTHEAST 16TH STREET,OKLAHOMA CITY,OK,73130,2147483647,35.4858173,-97.3608069
2016,55I089417,TELSTAR ES,47,F,F,"Elementary",9521 NORTHEAST 16TH STREET,OKLAHOMA CITY,OK,73130,2147483647,35.4858173,-97.3608069
2013,55I089440,Van Buren ES,64,D,D,"Elementary",2700 SOUTHWEST 40TH STREET,OKLAHOMA CITY,OK,73119,2147483647,35.424373,-97.562179
2014,55I089440,Van Buren ES,NULL,C-,C,"Elementary",2700 SOUTHWEST 40TH STREET,OKLAHOMA CITY,OK,73119,2147483647,35.424373,-97.562179
2015,55I089440,VAN BUREN ES,67,D+,D,"Elementary",2700 SOUTHWEST 40TH STREET,OKLAHOMA CITY,OK,73119,2147483647,35.424373,-97.562179
2016,55I089440,VAN BUREN ES,73,C,C,"Elementary",2700 SOUTHWEST 40TH STREET,OKLAHOMA CITY,OK,73119,2147483647,35.424373,-97.562179
2013,55I089455,West Nichols Hills ES,80,B-,B,"Elementary",8400 GREYSTONE AVENUE,OKLAHOMA CITY,OK,73120,2147483647,35.5546878,-97.5582587
2014,55I089455,West Nichols Hills ES,NULL,C,C,"Elementary",8400 GREYSTONE AVENUE,OKLAHOMA CITY,OK,73120,2147483647,35.5546878,-97.5582587
2015,55I089455,WEST NICHOLS HILLS ES,81,B-,B,"Elementary",8400 GREYSTONE AVENUE,OKLAHOMA CITY,OK,73120,2147483647,35.5546878,-97.5582587
2016,55I089455,WEST NICHOLS HILLS ES,83,B,B,"Elementary",8400 GREYSTONE AVENUE,OKLAHOMA CITY,OK,73120,2147483647,35.5546878,-97.5582587
2013,55I089460,Westwood ES,77,C+,C,"Elementary",1701 EXCHANGE AVENUE,OKLAHOMA CITY,OK,73108,2147483647,35.4546455,-97.5460481
2014,55I089460,Westwood ES,NULL,B-,B,"Elementary",1701 EXCHANGE AVENUE,OKLAHOMA CITY,OK,73108,2147483647,35.4546455,-97.5460481
2015,55I089460,WESTWOOD ES,67,D+,D,"Elementary",1701 EXCHANGE AVENUE,OKLAHOMA CITY,OK,73108,2147483647,35.4546455,-97.5460481
2016,55I089460,WESTWOOD ES,72,C-,C,"Elementary",1701 EXCHANGE AVENUE,OKLAHOMA CITY,OK,73108,2147483647,35.4546455,-97.5460481
2013,55I089465,Wheeler ES,60,D-,D,"Elementary",501 SOUTHEAST 25TH,OKLAHOMA CITY,OK,73129,2147483647,35.4397806,-97.5030902
2014,55I089465,Wheeler ES,NULL,D+,D,"Elementary",501 SOUTHEAST 25TH,OKLAHOMA CITY,OK,73129,2147483647,35.4397806,-97.5030902
2015,55I089465,WHEELER ES,57,F,F,"Elementary",501 SOUTHEAST 25TH,OKLAHOMA CITY,OK,73129,2147483647,35.4397806,-97.5030902
2016,55I089465,WHEELER ES,53,F,F,"Elementary",501 SOUTHEAST 25TH,OKLAHOMA CITY,OK,73129,2147483647,35.4397806,-97.5030902
2013,55I089477,Willow Brook ES,62,D-,D,"Elementary",8105 NORTHEAST 10TH STREET,OKLAHOMA CITY,OK,73110,2147483647,35.4786061,-97.3860341
2014,55I089477,Willow Brook ES,NULL,D+,D,"Elementary",8105 NORTHEAST 10TH STREET,OKLAHOMA CITY,OK,73110,2147483647,35.4786061,-97.3860341
2015,55I089477,WILLOW BROOK ES,68,D+,D,"Elementary",8105 NORTHEAST 10TH STREET,OKLAHOMA CITY,OK,73110,2147483647,35.4786061,-97.3860341
2016,55I089477,WILLOW BROOK ES,56,F,F,"Elementary",8105 NORTHEAST 10TH STREET,OKLAHOMA CITY,OK,73110,2147483647,35.4786061,-97.3860341
2013,55I089480,Wilson ES,91,A-,A,"Elementary",501 NORTHWEST 21ST STREET,OKLAHOMA CITY,OK,73103,2147483647,35.4912039,-97.5217769
2014,55I089480,Wilson ES,NULL,B-,B,"Elementary",501 NORTHWEST 21ST STREET,OKLAHOMA CITY,OK,73103,2147483647,35.4912039,-97.5217769
2015,55I089480,WILSON ES,77,C+,C,"Elementary",501 NORTHWEST 21ST STREET,OKLAHOMA CITY,OK,73103,2147483647,35.4912039,-97.5217769
2016,55I089480,WILSON ES,79,C+,C,"Elementary",501 NORTHWEST 21ST STREET,OKLAHOMA CITY,OK,73103,2147483647,35.4912039,-97.5217769
2013,55I089503,Belle Isle MS,99,A+,A,"Middle School",5904 NORTH VILLA AVENUE,OKLAHOMA CITY,OK,73112,405843888,35.5311221,-97.5558268
2014,55I089503,Belle Isle MS,NULL,A+,A,"Middle School",5904 NORTH VILLA AVENUE,OKLAHOMA CITY,OK,73112,405843888,35.5311221,-97.5558268
2015,55I089503,BELLE ISLE MS,96,A,A,"Middle School",5904 NORTH VILLA AVENUE,OKLAHOMA CITY,OK,73112,405843888,35.5311221,-97.5558268
2016,55I089503,BELLE ISLE MS,99,A+,A,"Middle School",5904 NORTH VILLA AVENUE,OKLAHOMA CITY,OK,73112,405843888,35.5311221,-97.5558268
2013,55I089508,Classen MS Of Advanced Studies,96,A,A,"Middle School",1901 NORTH ELLISON AVENUE,OKLAHOMA CITY,OK,73106,2147483647,35.4881118,-97.5332401
2014,55I089508,Classen MS Of Advanced Studies,NULL,A+,A,"Middle School",1901 NORTH ELLISON AVENUE,OKLAHOMA CITY,OK,73106,2147483647,35.4881118,-97.5332401
2015,55I089508,CLASSEN MS OF ADVANCED STUDIES,93,A,A,"Middle School",1901 NORTH ELLISON AVENUE,OKLAHOMA CITY,OK,73106,2147483647,35.4881118,-97.5332401
2016,55I089508,CLASSEN MS OF ADVANCED STUDIES,90,A-,A,"Middle School",1901 NORTH ELLISON AVENUE,OKLAHOMA CITY,OK,73106,2147483647,35.4881118,-97.5332401
2013,55I089512,Douglass MS,48,F,F,"Middle School",900 NORTH MARTIN LUTHER KING AVENUE,OKLAHOMA CITY,OK,73117,2147483647,35.4752541,-97.4750735
2014,55I089512,Douglass MS,NULL,F,F,"Middle School",900 NORTH MARTIN LUTHER KING AVENUE,OKLAHOMA CITY,OK,73117,2147483647,35.4752541,-97.4750735
2015,55I089512,DOUGLASS MS,49,F,F,"Middle School",900 NORTH MARTIN LUTHER KING AVENUE,OKLAHOMA CITY,OK,73117,2147483647,35.4752541,-97.4750735
2016,55I089512,DOUGLASS MS,36,F,F,"Middle School",900 NORTH MARTIN LUTHER KING AVENUE,OKLAHOMA CITY,OK,73117,2147483647,35.4752541,-97.4750735
2013,55I089515,Jackson MS,41,F,F,"Middle School",2601 SOUTH VILLA AVENUE,OKLAHOMA CITY,OK,73108,2147483647,35.4383447,-97.5576275
2014,55I089515,Jackson MS,NULL,F,F,"Middle School",2601 SOUTH VILLA AVENUE,OKLAHOMA CITY,OK,73108,2147483647,35.4383447,-97.5576275
2013,55I089518,Jefferson MS,41,F,F,"Middle School",6800 SOUTH BLACKWELDER AVENUE,OKLAHOMA CITY,OK,73159,2147483647,35.3985864,-97.538147
2014,55I089518,Jefferson MS,NULL,F,F,"Middle School",6800 SOUTH BLACKWELDER AVENUE,OKLAHOMA CITY,OK,73159,2147483647,35.3985864,-97.538147
2015,55I089518,JEFFERSON MS,60,D-,D,"Middle School",6800 SOUTH BLACKWELDER AVENUE,OKLAHOMA CITY,OK,73159,2147483647,35.3985864,-97.538147
2016,55I089518,JEFFERSON MS,52,F,F,"Middle School",6800 SOUTH BLACKWELDER AVENUE,OKLAHOMA CITY,OK,73159,2147483647,35.3985864,-97.538147
2013,55I089521,Northeast MS,55,F,F,"Middle School",3100 NORTH KELLEY AVENUE,OKLAHOMA CITY,OK,73111,2147483647,35.5004688,-97.4943668
2014,55I089521,Northeast MS,NULL,D,D,"Middle School",3100 NORTH KELLEY AVENUE,OKLAHOMA CITY,OK,73111,2147483647,35.5004688,-97.4943668
2015,55I089521,NORTHEAST MS,47,F,F,"Middle School",3100 NORTH KELLEY AVENUE,OKLAHOMA CITY,OK,73111,2147483647,35.5004688,-97.4943668
2016,55I089521,NORTHEAST MS,50,F,F,"Middle School",3100 NORTH KELLEY AVENUE,OKLAHOMA CITY,OK,73111,2147483647,35.5004688,-97.4943668
2013,55I089522,Rogers MS,60,D-,D,"Middle School",4000 SPENCER ROAD,SPENCER,OK,73084,2147483647,35.5112968,-97.3797837
2014,55I089522,Rogers MS,NULL,F,F,"Middle School",4000 SPENCER ROAD,SPENCER,OK,73084,2147483647,35.5112968,-97.3797837
2015,55I089522,ROGERS MS,53,F,F,"Middle School",4000 SPENCER ROAD,SPENCER,OK,73084,2147483647,35.5112968,-97.3797837
2016,55I089522,ROGERS MS,50,F,F,"Middle School",4000 SPENCER ROAD,SPENCER,OK,73084,2147483647,35.5112968,-97.3797837
2013,55I089523,Roosevelt MS,50,F,F,"Middle School",3233 SOUTHWEST 44TH STREET,OKLAHOMA CITY,OK,73119,2147483647,35.4207844,-97.5726955
2014,55I089523,Roosevelt MS,NULL,F,F,"Middle School",3233 SOUTHWEST 44TH STREET,OKLAHOMA CITY,OK,73119,2147483647,35.4207844,-97.5726955
2015,55I089523,ROOSEVELT MS,54,F,F,"Middle School",3233 SOUTHWEST 44TH STREET,OKLAHOMA CITY,OK,73119,2147483647,35.4207844,-97.5726955
2016,55I089523,ROOSEVELT MS,48,F,F,"Middle School",3233 SOUTHWEST 44TH STREET,OKLAHOMA CITY,OK,73119,2147483647,35.4207844,-97.5726955
2013,55I089525,Taft MS,63,D,D,"Middle School",2901 NORTHWEST 23RD STREET,OKLAHOMA CITY,OK,73107,2147483647,35.4939591,-97.5666377
2014,55I089525,Taft MS,NULL,D-,D,"Middle School",2901 NORTHWEST 23RD STREET,OKLAHOMA CITY,OK,73107,2147483647,35.4939591,-97.5666377
2015,55I089525,TAFT MS,67,D+,D,"Middle School",2901 NORTHWEST 23RD STREET,OKLAHOMA CITY,OK,73107,2147483647,35.4939591,-97.5666377
2016,55I089525,TAFT MS,50,F,F,"Middle School",2901 NORTHWEST 23RD STREET,OKLAHOMA CITY,OK,73107,2147483647,35.4939591,-97.5666377
2013,55I089530,Webster MS,51,F,F,"Middle School",6708 SOUTH SANTA FE AVENUE,OKLAHOMA CITY,OK,73139,2147483647,35.397926,-97.510289
2014,55I089530,Webster MS,NULL,F,F,"Middle School",6708 SOUTH SANTA FE AVENUE,OKLAHOMA CITY,OK,73139,2147483647,35.397926,-97.510289
2015,55I089530,WEBSTER MS,56,F,F,"Middle School",6708 SOUTH SANTA FE AVENUE,OKLAHOMA CITY,OK,73139,2147483647,35.397926,-97.510289
2016,55I089530,WEBSTER MS,45,F,F,"Middle School",6708 SOUTH SANTA FE AVENUE,OKLAHOMA CITY,OK,73139,2147483647,35.397926,-97.510289
2013,55I089535,John Marshall MS,48,F,F,"Middle School",12201 NORTH PORTLAND AVENUE,OKLAHOMA CITY,OK,73120,2147483647,35.5922733,-97.5877604
2014,55I089535,John Marshall MS,NULL,F,F,"Middle School",12201 NORTH PORTLAND AVENUE,OKLAHOMA CITY,OK,73120,2147483647,35.5922733,-97.5877604
2015,55I089535,JOHN MARSHALL MS,61,D-,D,"Middle School",12201 NORTH PORTLAND AVENUE,OKLAHOMA CITY,OK,73120,2147483647,35.5922733,-97.5877604
2016,55I089535,JOHN MARSHALL MS,46,F,F,"Middle School",12201 NORTH PORTLAND AVENUE,OKLAHOMA CITY,OK,73120,2147483647,35.5922733,-97.5877604
2013,55I089540,Oklahoma Centennial MS,39,F,F,"Middle School",1301 NORTHEAST 101ST STREET,OKLAHOMA CITY,OK,73131,2147483647,35.5737309,-97.4900138
2014,55I089540,Oklahoma Centennial MS,NULL,F,F,"Middle School",1301 NORTHEAST 101ST STREET,OKLAHOMA CITY,OK,73131,2147483647,35.5737309,-97.4900138
2015,55I089540,OKLAHOMA CENTENNIAL MS,54,F,F,"Middle School",1301 NORTHEAST 101ST STREET,OKLAHOMA CITY,OK,73131,2147483647,35.5737309,-97.4900138
2016,55I089540,OKLAHOMA CENTENNIAL MS,35,F,F,"Middle School",1301 NORTHEAST 101ST STREET,OKLAHOMA CITY,OK,73131,2147483647,35.5737309,-97.4900138
2013,55I089705,Capitol Hill HS,68,D+,D,"High School",500 SOUTHWEST GRAND BOULEVARD,OKLAHOMA CITY,OK,73109,2147483647,35.4277799,-97.5214645
2014,55I089705,Capitol Hill HS,NULL,C,C,"High School",500 SOUTHWEST GRAND BOULEVARD,OKLAHOMA CITY,OK,73109,2147483647,35.4277799,-97.5214645
2015,55I089705,CAPITOL HILL HS,73,C,C,"High School",500 SOUTHWEST GRAND BOULEVARD,OKLAHOMA CITY,OK,73109,2147483647,35.4277799,-97.5214645
2016,55I089705,CAPITOL HILL HS,64,D,D,"High School",500 SOUTHWEST GRAND BOULEVARD,OKLAHOMA CITY,OK,73109,2147483647,35.4277799,-97.5214645
2013,55I089706,Classen HS Of Advanced Studies,99,A+,A,"High School",1901 NORTH ELLISON AVENUE,OKLAHOMA CITY,OK,73106,2147483647,35.4881118,-97.5332401
2014,55I089706,Classen HS Of Advanced Studies,NULL,A+,A,"High School",1901 NORTH ELLISON AVENUE,OKLAHOMA CITY,OK,73106,2147483647,35.4881118,-97.5332401
2015,55I089706,CLASSEN HS OF ADVANCED STUDIES,99,A+,A,"High School",1901 NORTH ELLISON AVENUE,OKLAHOMA CITY,OK,73106,2147483647,35.4881118,-97.5332401
2016,55I089706,CLASSEN HS OF ADVANCED STUDIES,99,A+,A,"High School",1901 NORTH ELLISON AVENUE,OKLAHOMA CITY,OK,73106,2147483647,35.4881118,-97.5332401
2013,55I089707,Douglass HS,77,C+,C,"High School",900 NORTH MARTIN LUTHER KING AVENUE,OKLAHOMA CITY,OK,73117,2147483647,35.4752541,-97.4750735
2014,55I089707,Douglass HS,NULL,D-,D,"High School",900 NORTH MARTIN LUTHER KING AVENUE,OKLAHOMA CITY,OK,73117,2147483647,35.4752541,-97.4750735
2015,55I089707,DOUGLASS HS,66,D,D,"High School",900 NORTH MARTIN LUTHER KING AVENUE,OKLAHOMA CITY,OK,73117,2147483647,35.4752541,-97.4750735
2016,55I089707,DOUGLASS HS,53,F,F,"High School",900 NORTH MARTIN LUTHER KING AVENUE,OKLAHOMA CITY,OK,73117,2147483647,35.4752541,-97.4750735
2013,55I089712,U.S.Grant HS,89,B+,B,"High School",5016 SOUTH PENNSYLVANIA AVENUE,OKLAHOMA CITY,OK,73119,2147483647,35.4154053,-97.5447626
2014,55I089712,U.S.Grant HS,NULL,B,B,"High School",5016 SOUTH PENNSYLVANIA AVENUE,OKLAHOMA CITY,OK,73119,2147483647,35.4154053,-97.5447626
2015,55I089712,U. S. GRANT HS,80,B-,B,"High School",5016 SOUTH PENNSYLVANIA AVENUE,OKLAHOMA CITY,OK,73119,2147483647,35.4154053,-97.5447626
2016,55I089712,U. S. GRANT HS,73,C,C,"High School",5016 SOUTH PENNSYLVANIA AVENUE,OKLAHOMA CITY,OK,73119,2147483647,35.4154053,-97.5447626
2013,55I089726,John Marshall HS,69,D+,D,"High School",12201 NORTH PORTLAND AVENUE,OKLAHOMA CITY,OK,73120,2147483647,35.5922733,-97.5877604
2014,55I089726,John Marshall HS,NULL,D+,D,"High School",12201 NORTH PORTLAND AVENUE,OKLAHOMA CITY,OK,73120,2147483647,35.5922733,-97.5877604
2015,55I089726,JOHN MARSHALL HS,75,C,C,"High School",12201 NORTH PORTLAND AVENUE,OKLAHOMA CITY,OK,73120,2147483647,35.5922733,-97.5877604
2016,55I089726,JOHN MARSHALL HS,74,C,C,"High School",12201 NORTH PORTLAND AVENUE,OKLAHOMA CITY,OK,73120,2147483647,35.5922733,-97.5877604
2013,55I089750,Oklahoma Centennial HS,66,D,D,"High School",1301 NORTHEAST 101ST STREET,OKLAHOMA CITY,OK,73131,2147483647,35.5737309,-97.4900138
2014,55I089750,Oklahoma Centennial HS,NULL,F,F,"High School",1301 NORTHEAST 101ST STREET,OKLAHOMA CITY,OK,73131,2147483647,35.5737309,-97.4900138
2015,55I089750,OKLAHOMA CENTENNIAL HS,66,D,D,"High School",1301 NORTHEAST 101ST STREET,OKLAHOMA CITY,OK,73131,2147483647,35.5737309,-97.4900138
2016,55I089750,OKLAHOMA CENTENNIAL HS,71,C-,C,"High School",1301 NORTHEAST 101ST STREET,OKLAHOMA CITY,OK,73131,2147483647,35.5737309,-97.4900138
2013,55I089760,Northeast HS,76,C,C,"High School",3100 NORTH KELLEY AVENUE,OKLAHOMA CITY,OK,73111,2147483647,35.5004688,-97.4943668
2014,55I089760,Northeast HS,NULL,B-,B,"High School",3100 NORTH KELLEY AVENUE,OKLAHOMA CITY,OK,73111,2147483647,35.5004688,-97.4943668
2015,55I089760,NORTHEAST HS,72,C-,C,"High School",3100 NORTH KELLEY AVENUE,OKLAHOMA CITY,OK,73111,2147483647,35.5004688,-97.4943668
2016,55I089760,NORTHEAST HS,70,C-,C,"High School",3100 NORTH KELLEY AVENUE,OKLAHOMA CITY,OK,73111,2147483647,35.5004688,-97.4943668
2013,55I089765,Northwest Classen HS,74,C,C,"High School",2801 NORTHWEST 27TH STREET,OKLAHOMA CITY,OK,73107,2147483647,35.4981937,-97.5640107
2014,55I089765,Northwest Classen HS,NULL,B-,B,"High School",2801 NORTHWEST 27TH STREET,OKLAHOMA CITY,OK,73107,2147483647,35.4981937,-97.5640107
2015,55I089765,NORTHWEST CLASSEN HS,80,B-,B,"High School",2801 NORTHWEST 27TH STREET,OKLAHOMA CITY,OK,73107,2147483647,35.4981937,-97.5640107
2016,55I089765,NORTHWEST CLASSEN HS,70,C-,C,"High School",2801 NORTHWEST 27TH STREET,OKLAHOMA CITY,OK,73107,2147483647,35.4981937,-97.5640107
2013,55I089770,Southeast HS,94,A,A,"High School",5401 SOUTH SHIELDS BOULEVARD,OKLAHOMA CITY,OK,73129,2147483647,35.4123138,-97.5092529
2014,55I089770,Southeast HS,NULL,A,A,"High School",5401 SOUTH SHIELDS BOULEVARD,OKLAHOMA CITY,OK,73129,2147483647,35.4123138,-97.5092529
2015,55I089770,SOUTHEAST HS,94,A,A,"High School",5401 SOUTH SHIELDS BOULEVARD,OKLAHOMA CITY,OK,73129,2147483647,35.4123138,-97.5092529
2016,55I089770,SOUTHEAST HS,84,B,B,"High School",5401 SOUTH SHIELDS BOULEVARD,OKLAHOMA CITY,OK,73129,2147483647,35.4123138,-97.5092529
2013,55I089780,Star Spencer HS,74,C,C,"High School",3001 NORTH SPENCER ROAD,SPENCER,OK,73084,2147483647,35.5014337,-97.3810125
2014,55I089780,Star Spencer HS,NULL,F,F,"High School",3001 NORTH SPENCER ROAD,SPENCER,OK,73084,2147483647,35.5014337,-97.3810125
2015,55I089780,STAR SPENCER HS,63,D,D,"High School",3001 NORTH SPENCER ROAD,SPENCER,OK,73084,2147483647,35.5014337,-97.3810125
2016,55I089780,STAR SPENCER HS,57,F,F,"High School",3001 NORTH SPENCER ROAD,SPENCER,OK,73084,2147483647,35.5014337,-97.3810125